ECELL_ID,Address
b7de6cd46e855aaec8e28b26d1767e7a738819db,"21, Via Brembo, Scalo Romana, Municipio 5, Milano, Lombardia, 20139, Italia"
3821116bcdc789c9d54369ddd58b8e75fafdcb59,"21, Via Brembo, Scalo Romana, Municipio 5, Milano, Lombardia, 20139, Italia"
9ed9d0f30e21c0218c987496c433e11dd611c9d2,"21, Via Brembo, Scalo Romana, Municipio 5, Milano, Lombardia, 20139, Italia"
cdff26a5c4ce73ee8aef8684045e74727f395bf5,"McFit, 11/b, Via Luisa Battistotti Sassi, Corsica, Municipio 4, Milano, Lombardia, 20133, Italia"
01e15165b5683c9f4922e7ffdc82471e479e7779,"McFit, 11/b, Via Luisa Battistotti Sassi, Corsica, Municipio 4, Milano, Lombardia, 20133, Italia"
7acc6c5a9eaca072979d30109d52e4375cdc11f7,"McFit, 11/b, Via Luisa Battistotti Sassi, Corsica, Municipio 4, Milano, Lombardia, 20133, Italia"
6807ba8768ea1c61b922795a02dd6e8c1f5823e1,"33, Via Carlo Goldoni, Buenos Aires - Venezia, Municipio 3, Milano, Lombardia, 20129, Italia"
8d22026fa4296af87b0cc18fe624dab8b4380f5f,"33, Via Carlo Goldoni, Buenos Aires - Venezia, Municipio 3, Milano, Lombardia, 20129, Italia"
ec23991911b3cfb4ea95872ff7c33f3b94a4ed8c,"33, Via Carlo Goldoni, Buenos Aires - Venezia, Municipio 3, Milano, Lombardia, 20129, Italia"
3e2253d290d617209a8b45e599f377fd89f5b81a,"Via Sant'Arialdo, Parco delle Abbazie, Municipio 5, San Donato Milanese, Milano, Lombardia, 20139, Italia"
60a1b4db71ecee8b4d210acede66225e9613fd3c,"Via Sant'Arialdo, Parco delle Abbazie, Municipio 5, San Donato Milanese, Milano, Lombardia, 20139, Italia"
990da217a32dfbeea658a704a2973a5280916cf1,"Via Sant'Arialdo, Parco delle Abbazie, Municipio 5, San Donato Milanese, Milano, Lombardia, 20139, Italia"
fa69f704f4e3d7f5500f1753b50d055d4399cb75,"Milano Porta Garibaldi superficie, Via Guglielmo Pepe, Isola, Municipio 9, Milano, Lombardia, 20159, Italia"
ef3251162be46837946c48e5c90e8e78e1270c5e,"Milano Porta Garibaldi superficie, Via Guglielmo Pepe, Isola, Municipio 9, Milano, Lombardia, 20159, Italia"
a214f77e4e6c5314cc392cb0ac564220409c8701,"Milano Porta Garibaldi superficie, Via Guglielmo Pepe, Isola, Municipio 9, Milano, Lombardia, 20159, Italia"
f2d980620a68ef8309deb107b95a483ffbd9ff62,"Piazzale Zavattari, Via Pietro Tempesta, De Angeli - Monte Rosa, Municipio 7, Milano, Lombardia, 20149, Italia"
6f16080e90c2aa80194a3f6129f872bd86535fc7,"Piazzale Zavattari, Via Pietro Tempesta, De Angeli - Monte Rosa, Municipio 7, Milano, Lombardia, 20149, Italia"
6b3955752f3d41dea9143d2ed7ef73d76dddc38f,"Piazzale Zavattari, Via Pietro Tempesta, De Angeli - Monte Rosa, Municipio 7, Milano, Lombardia, 20149, Italia"
11f31a9a9c81f22577431be62aa91b4f1427d21c,"Sisal Unicity, Piazza Armando Diaz, Duomo, Municipio 1, Milano, Lombardia, 20122, Italia"
08ffe63e64d3de4caaee34f0846c7d865b2eaea4,"Sisal Unicity, Piazza Armando Diaz, Duomo, Municipio 1, Milano, Lombardia, 20122, Italia"
553d7b29cfea196b3632c0487f2bd34184046be3,"Sisal Unicity, Piazza Armando Diaz, Duomo, Municipio 1, Milano, Lombardia, 20122, Italia"
9c24e289564335f54ba4a34260b06d568c2036c1,"Spark 1, Piazza Santa Giulia, Rogoredo, Municipio 4, Milano, Lombardia, 20138, Italia"
dbb85b8c255d632ae27157a09be5144468e52d98,"Spark 1, Piazza Santa Giulia, Rogoredo, Municipio 4, Milano, Lombardia, 20138, Italia"
923bde318e89cbf1bdd5c18eb7fe1d38d6b85f28,"Spark 1, Piazza Santa Giulia, Rogoredo, Municipio 4, Milano, Lombardia, 20138, Italia"
80656a18e30c90e96173e4426065df82374127cc,"CFP Bauer, 24, Via Luigi Soderini, Bande Nere, Municipio 6, Milano, Lombardia, 20146, Italia"
d77e34dd016e279341ab91ca49fa54a2cd247ea1,"CFP Bauer, 24, Via Luigi Soderini, Bande Nere, Municipio 6, Milano, Lombardia, 20146, Italia"
ed92ecf2f4d47466057991fdb866a8f70dcb9480,"CFP Bauer, 24, Via Luigi Soderini, Bande Nere, Municipio 6, Milano, Lombardia, 20146, Italia"
dc01d9ec3d99d87ad3e4831bd94ba4ebc1910823,"Via privata San Romanello, Quinto Romano, Milano, Lombardia, 20153, Italia"
1a566251d4da4a7ce8e78ff5a1e73f93ba3348dd,"Via privata San Romanello, Quinto Romano, Milano, Lombardia, 20153, Italia"
ec29ef1a704b5298544f9395f350dce9f022e008,"Via privata San Romanello, Quinto Romano, Milano, Lombardia, 20153, Italia"
2c79f57b821588e0f1fb4f336d4733f405dd948b,"37B, Galleria del Toro, Duomo, Municipio 1, Milano, Lombardia, 20122, Italia"
6c43e4bb58d7759503621464e9ca09578aa6f7d7,"37B, Galleria del Toro, Duomo, Municipio 1, Milano, Lombardia, 20122, Italia"
a440dec048daac45b66f0e20b0d696b47861b266,"Via Marina, Guastalla, Municipio 1, Milano, Lombardia, 20122, Italia"
22b2ea3a945acdeb29c6950b33380462ef321984,"Retitalia, 4, Via Pantano, Duomo, Municipio 1, Milano, Lombardia, 20122, Italia"
a91515be431236a27cc4cb9ecd77a024b91b17b8,"Retitalia, 4, Via Pantano, Duomo, Municipio 1, Milano, Lombardia, 20122, Italia"
391aad3617298b84e5016f9443855a662758b86b,"Retitalia, 4, Via Pantano, Duomo, Municipio 1, Milano, Lombardia, 20122, Italia"
8b7d18a5f7d965a6d4ac59d944d28086f66080f8,"4, Via Cufra, Maciachini - Maggiolina, Municipio 9, Milano, Lombardia, 20159, Italia"
79ef0f57fff17b9b3ebf98d70693b7f269666d7b,"4, Via Cufra, Maciachini - Maggiolina, Municipio 9, Milano, Lombardia, 20159, Italia"
664dad719b9027ccbaeebdfff2bc89f172e14724,"4, Via Cufra, Maciachini - Maggiolina, Municipio 9, Milano, Lombardia, 20159, Italia"
1e7444e410ac8856754a69cb8c0fb8095618a3dd,"Queen Hostel, 9, Viale Regina Margherita, Guastalla, Municipio 1, Milano, Lombardia, 20122, Italia"
ae01786086c5b76362225e6d4221abd4360f09fd,"Queen Hostel, 9, Viale Regina Margherita, Guastalla, Municipio 1, Milano, Lombardia, 20122, Italia"
dbba36cadcf7eb199ea4014888a9e92f44c78f90,"Star Istanbul - Kebap Pizza, Via Biella, San Cristoforo, Municipio 6, Milano, Lombardia, 20143, Italia"
17f53d06a4729bb442c40697ce8409ba8ae33b79,"Star Istanbul - Kebap Pizza, Via Biella, San Cristoforo, Municipio 6, Milano, Lombardia, 20143, Italia"
e2133e99dae41f2ea85a7c93443c0f9204e0ff16,"Star Istanbul - Kebap Pizza, Via Biella, San Cristoforo, Municipio 6, Milano, Lombardia, 20143, Italia"
2b00628fceb31666cc994407a8efa276e1f4f48d,"Via Mecenate, Mecenate, Municipio 4, Ponte Lambro, Milano, Lombardia, 20138, Italia"
4c63b7e89e9551aa895b850548997086ce4c6a57,"Via Mecenate, Mecenate, Municipio 4, Ponte Lambro, Milano, Lombardia, 20138, Italia"
c52331d82c95ec804ac900d4206cbab1a783cfe6,"Via Mecenate, Mecenate, Municipio 4, Ponte Lambro, Milano, Lombardia, 20138, Italia"
80a1385116c939f4da1d5ccd5945e834aba24ccb,"A4, Cascina Triulza - Expo, Municipio 8, Milano, Lombardia, 20151, Italia"
75c15532d6acf949f2f00d7343355571529f2ee7,"A4, Cascina Triulza - Expo, Municipio 8, Milano, Lombardia, 20151, Italia"
ea109c81fd45f19f80206697198af2f33cd7ee82,"A4, Cascina Triulza - Expo, Municipio 8, Milano, Lombardia, 20151, Italia"
94859ceb809cc1d06f2accec8147a305a33986dd,"Via Marco d'Agrate, Scalo Romana, Municipio 5, Vaiano Valle, Milano, Lombardia, 20139, Italia"
50f36c9b17754035b7e825d516e1a9713e7f3c49,"Via Marco d'Agrate, Scalo Romana, Municipio 5, Vaiano Valle, Milano, Lombardia, 20139, Italia"
a13a3215a7f9d0eaa6da50f7637fc301f4c5e7af,"Via Marco d'Agrate, Scalo Romana, Municipio 5, Vaiano Valle, Milano, Lombardia, 20139, Italia"
a627a75848d6ffe78157bf31c13b08ed90fe5c26,"Centro sportivo Procida, 20, Via Giovanni da Procida, Portello, Municipio 8, Milano, Lombardia, 20149, Italia"
fe64706273bed80a3fa4a13093f4d8d825ab2228,"Centro sportivo Procida, 20, Via Giovanni da Procida, Portello, Municipio 8, Milano, Lombardia, 20149, Italia"
7aa66321c6e7d6c1127135f374a0334bf09c7be5,"3357_48436, Mecenate, Municipio 4, Monluè, Milano, Lombardia, 20138, Italia"
2cf701a70a11270d947842e2973bb7b641bc8309,"3357_48436, Mecenate, Municipio 4, Monluè, Milano, Lombardia, 20138, Italia"
961fbf2977896b75c623fce0ac04758ab00ad032,"3357_48436, Mecenate, Municipio 4, Monluè, Milano, Lombardia, 20138, Italia"
695dac15767d23caa07534c0c8b2c714f97ca81f,"37, Via Soperga, Loreto, Municipio 2, Milano, Lombardia, 20127, Italia"
2d4afc3c9289b81e97d63361af080115ad52d1c6,"37, Via Soperga, Loreto, Municipio 2, Milano, Lombardia, 20127, Italia"
99e9658069bd9ab5c29e413305bf15a4855ef553,"Baroni, 17, Via San Giovanni sul Muro, Duomo, Municipio 1, Milano, Lombardia, 20121, Italia"
7c2fc1d1769457117bec12cc4aa7492d18357a16,"Baroni, 17, Via San Giovanni sul Muro, Duomo, Municipio 1, Milano, Lombardia, 20121, Italia"
a02851ea82e9d1b26879e4436439cff5367ebb7a,"Baroni, 17, Via San Giovanni sul Muro, Duomo, Municipio 1, Milano, Lombardia, 20121, Italia"
c430f25408ae5baebfa0de5755d1ebc679de17ca,"Eni, Via Stamira D'Ancona, Padova, Municipio 2, Milano, Lombardia, 20127, Italia"
6e2b37374f748bb5e55096b89eef7edf195f44bb,"Eni, Via Stamira D'Ancona, Padova, Municipio 2, Milano, Lombardia, 20127, Italia"
07518672ce840572c5b5eb196b174cafac94a447,"Eni, Via Stamira D'Ancona, Padova, Municipio 2, Milano, Lombardia, 20127, Italia"
b95a412679a3f2728cd0543024f84aec7d14fcf9,"RSA Le Terrazze Fiorite, 27, Via San Faustino, Lambrate, Municipio 3, Milano, Lombardia, 20134, Italia"
07a9520a74153fcf5e1852a408ecf48417179468,"RSA Le Terrazze Fiorite, 27, Via San Faustino, Lambrate, Municipio 3, Milano, Lombardia, 20134, Italia"
69dadfb244221dcc16a4d1a3b14559be1502a841,"RSA Le Terrazze Fiorite, 27, Via San Faustino, Lambrate, Municipio 3, Milano, Lombardia, 20134, Italia"
f463934784f158e027275b38e7d0d0fc061c8ba0,"Trattoria Madonnina, 6, Via Gentilino, Ticinese, Municipio 5, Milano, Lombardia, 20136, Italia"
7e556919a347eabdfe5d04b6cc77dd1953977ea2,"Trattoria Madonnina, 6, Via Gentilino, Ticinese, Municipio 5, Milano, Lombardia, 20136, Italia"
12ca8c3b4f0e59250c70be628caa324f326fa6c3,"Trattoria Madonnina, 6, Via Gentilino, Ticinese, Municipio 5, Milano, Lombardia, 20136, Italia"
0712004649191f7fee83b81e02ca4e58b2a98260,"Chiesa Ortodossa in Lazzaretto, Via San Gregorio, Buenos Aires - Venezia, Municipio 3, Milano, Lombardia, 20100, Italia"
73394cd2cccf81799f39a32e18e57d1d38f384e2,"Chiesa Ortodossa in Lazzaretto, Via San Gregorio, Buenos Aires - Venezia, Municipio 3, Milano, Lombardia, 20100, Italia"
a7573fa3c443b631be937a10759698cd80ca67ae,"Chiesa Ortodossa in Lazzaretto, Via San Gregorio, Buenos Aires - Venezia, Municipio 3, Milano, Lombardia, 20100, Italia"
5fd87f236975f1940e0bf197672e5359c48d65c6,"Viale Berbera, Niguarda - Cà Granda, Municipio 9, Milano, Lombardia, 20162, Italia"
d43606bffe5ea2e9b105d0c640812a41c3d3741b,"Viale Berbera, Niguarda - Cà Granda, Municipio 9, Milano, Lombardia, 20162, Italia"
5a0443f0d94fc4b4d387c808a2695d47995032ef,"Viale Berbera, Niguarda - Cà Granda, Municipio 9, Milano, Lombardia, 20162, Italia"
d34929ee71fd2d5f6dd9e5a0b3502b14328cd7fb,"3262_43558, Corsica, Municipio 4, Monluè, Milano, Lombardia, 20133, Italia"
22a12bba45f85691c45d9fd1fb563c3bd664ed99,"3262_43558, Corsica, Municipio 4, Monluè, Milano, Lombardia, 20133, Italia"
61bd401f681b9afdb031deb3ae199eaa4a9525db,"3262_43558, Corsica, Municipio 4, Monluè, Milano, Lombardia, 20133, Italia"
3f8283ee9f8bae35564200da224a60be2c6a7530,"Viale Fulvio Testi, Niguarda - Cà Granda, Municipio 9, Milano, Lombardia, 20126, Italia"
9c3c2887ab7bd81d52c3dcf8eaf93605f93b2e20,"Viale Fulvio Testi, Niguarda - Cà Granda, Municipio 9, Milano, Lombardia, 20126, Italia"
dc05ce3b8304490413872c9061acd420b38ad0b8,"Viale Fulvio Testi, Niguarda - Cà Granda, Municipio 9, Milano, Lombardia, 20126, Italia"
d21682b4a08bff2bf253c187e55105caa7d9ddf9,"Princype, Corso Sempione, Pagano, Municipio 8, Milano, Lombardia, 20154, Italia"
399bf47c3564d054017ccf791fa7367d30fcab46,"Princype, Corso Sempione, Pagano, Municipio 8, Milano, Lombardia, 20154, Italia"
2ab4c6be3c0b1bc7f69592815fedbd97c19fc11a,"Princype, Corso Sempione, Pagano, Municipio 8, Milano, Lombardia, 20154, Italia"
f6ff9a7bd8fbdf560badcfe60d10f6ca5ea20480,"Inganni M1, Via Angelo Inganni, Lorenteggio, Municipio 6, Milano, Lombardia, 20147, Italia"
dc8bf68adec21dd7962ae156437ab0b3dfbf05f5,"Inganni M1, Via Angelo Inganni, Lorenteggio, Municipio 6, Milano, Lombardia, 20147, Italia"
3bd0cde944097ea68ea56551aa7817c068eab19d,"Inganni M1, Via Angelo Inganni, Lorenteggio, Municipio 6, Milano, Lombardia, 20147, Italia"
8a3db8aa5f2a616038d2dbbed36afcd6329ecda9,"Marlin, Via Giorgio Washington, Washington, Municipio 7, Milano, Lombardia, 20144, Italia"
1958ba847ac8cb6a78a2a2058f481a83749f08e6,"Marlin, Via Giorgio Washington, Washington, Municipio 7, Milano, Lombardia, 20144, Italia"
ca7aeafd0fb22a51678615c84721d6a9b193ba77,"Marlin, Via Giorgio Washington, Washington, Municipio 7, Milano, Lombardia, 20144, Italia"
0e26e217cbe75de4ae1b1adac094dac40d53aa19,"Via Bordighera, Tibaldi, Municipio 5, Milano, Lombardia, 20136, Italia"
98238f7ea352f042e4ec83491ab2d12658662c36,"Via Bordighera, Tibaldi, Municipio 5, Milano, Lombardia, 20136, Italia"
dd01548c5f28fecb3bb7e0ab56d2d85b53cfd805,"Via Bordighera, Tibaldi, Municipio 5, Milano, Lombardia, 20136, Italia"
c945addeee641c3b7e7098fe8cad5defe032223c,"Museo Teatrale alla Scala, Largo Antonio Ghiringhelli, Brera, Municipio 1, Milano, Lombardia, 20121, Italia"
4e5b71d643b7314ad50fe50ed9a1a0c86feba4a0,"Museo Teatrale alla Scala, Largo Antonio Ghiringhelli, Brera, Municipio 1, Milano, Lombardia, 20121, Italia"
af62b11aff5cb6569285a7b2f1d25a97600b784d,"Museo Teatrale alla Scala, Largo Antonio Ghiringhelli, Brera, Municipio 1, Milano, Lombardia, 20121, Italia"
802b0bbe6266a4038b39d0ced0e2c0b479ce91cf,"27, Via Francesco Albani, Tre Torri - Fiera, Municipio 8, Milano, Lombardia, 20149, Italia"
bbea083197be98bedf6d6203cb91d53271fc889c,"27, Via Francesco Albani, Tre Torri - Fiera, Municipio 8, Milano, Lombardia, 20149, Italia"
b2a2028f3186e4a76cfd8ba44adb417554e6bc02,"27, Via Francesco Albani, Tre Torri - Fiera, Municipio 8, Milano, Lombardia, 20149, Italia"
76cb26082a4847e239ff0d2bc2c09d87904cc9ca,"Agorà, 21, Via Giampietrino, Bovisa, Municipio 9, Milano, Lombardia, 20158, Italia"
27014e0ad8ea72ddaec8f90b741694ec2d34ebb9,"Agorà, 21, Via Giampietrino, Bovisa, Municipio 9, Milano, Lombardia, 20158, Italia"
8900ba287eb2d5fc734955b9769e9dd274e96e68,"Agorà, 21, Via Giampietrino, Bovisa, Municipio 9, Milano, Lombardia, 20158, Italia"
efbc9363b8c048f14c83ccef3ffbc6559f0dc882,"Via Alberto Ascoli, Parco Lambro - Cimiano, Municipio 3, Milano, Lombardia, 20132, Italia"
77019cb3d5d1f8c8320e543feba8c2baba4d861b,"Via Alberto Ascoli, Parco Lambro - Cimiano, Municipio 3, Milano, Lombardia, 20132, Italia"
aa471b6dcacc55bec3c139ebddea529b2ca070f5,"Via Alberto Ascoli, Parco Lambro - Cimiano, Municipio 3, Milano, Lombardia, 20132, Italia"
7e4ba8a829787aed60dd3a7fa7a731ae9f5c0eb0,"DoubleTree by Hilton Hotel Milan, 77, Via Ludovico di Breme, Villapizzone, Municipio 8, Milano, Lombardia, 20156, Italia"
c08d3b1cc445c5febf81d6bab9491a32ab1fd836,"DoubleTree by Hilton Hotel Milan, 77, Via Ludovico di Breme, Villapizzone, Municipio 8, Milano, Lombardia, 20156, Italia"
ee98572aa419b5b7fd6b23dd79cc2bf0655834c3,"DoubleTree by Hilton Hotel Milan, 77, Via Ludovico di Breme, Villapizzone, Municipio 8, Milano, Lombardia, 20156, Italia"
3af66772ce544e08fb67d35a039cf0c40573052a,"2, Piazza San Marco, Brera, Municipio 1, Milano, Lombardia, 20121, Italia"
c7eafdc94ab002e3529145066059c75faf6afdb4,"2, Piazza San Marco, Brera, Municipio 1, Milano, Lombardia, 20121, Italia"
862f36dab839977a07da00eaf6dfd7776c11c636,"2, Piazza San Marco, Brera, Municipio 1, Milano, Lombardia, 20121, Italia"
7e75de657abfe2d073aaaf45e6181abd4e816fbd,"Brandy Melville, 16, Via Statuto, Brera, Municipio 1, Milano, Lombardia, 20121, Italia"
00199ffaae391a819e512627bdaff10347c4fd13,"Brandy Melville, 16, Via Statuto, Brera, Municipio 1, Milano, Lombardia, 20121, Italia"
57cfb901aa3489278051ab128ad62cd463347c66,"Brandy Melville, 16, Via Statuto, Brera, Municipio 1, Milano, Lombardia, 20121, Italia"
a0cb1ce415d67db79b798b690dffee74d8ddf861,"Via Cassio Dione, Mecenate, Municipio 4, Monluè, Milano, Lombardia, 20138, Italia"
b446d68bc25acc37a7fbefa241845e342eb9b240,"Via Cassio Dione, Mecenate, Municipio 4, Monluè, Milano, Lombardia, 20138, Italia"
8d564d5f4499c098b5377489da57261f09ecdb80,"Via Cassio Dione, Mecenate, Municipio 4, Monluè, Milano, Lombardia, 20138, Italia"
370f9d8fd48432f748a5e8186bf8f3ae474c1fdc,"EuroSpin, Via Alessandro Litta Modignani, Bovisasca, Municipio 9, Milano, Lombardia, 20161, Italia"
5a64d588400de8bd95994641e24dccd9bca00cd5,"EuroSpin, Via Alessandro Litta Modignani, Bovisasca, Municipio 9, Milano, Lombardia, 20161, Italia"
9c71f78684754440e32862d646efddde2c882a53,"EuroSpin, Via Alessandro Litta Modignani, Bovisasca, Municipio 9, Milano, Lombardia, 20161, Italia"
08028cc3ab1c3bb9359bf899b24f51d1f8148a76,"Via Virgilio Ferrari, Ripamonti, Municipio 5, Milano, Lombardia, 20141, Italia"
76bbad1b6c614f18fe78d9df2bde7ba1c619407b,"Via Virgilio Ferrari, Ripamonti, Municipio 5, Milano, Lombardia, 20141, Italia"
87dee3ba8e74b0fa3665d4160deeb47a5f8ad9ff,"Via Virgilio Ferrari, Ripamonti, Municipio 5, Milano, Lombardia, 20141, Italia"
a940f5938d0f76949eb27c7ae5ac6099673484fb,"Padiglione Marangoni, Via Francesco Sforza, Duomo, Municipio 1, Milano, Lombardia, 20122, Italia"
8b53eec56e4ee533841b186008294f9fa044306a,"Padiglione Marangoni, Via Francesco Sforza, Duomo, Municipio 1, Milano, Lombardia, 20122, Italia"
5af2d41502dc49ac07c8268a6f6b25606b1f210d,"Gallaratese, Municipio 8, Milano, Lombardia, 20151, Italia"
d2ad05247c47aff6b42d46680bfc7d02e8e861b3,"Gallaratese, Municipio 8, Milano, Lombardia, 20151, Italia"
fde3676655dbd432364e7468ba06a2daaf385e4c,"Gallaratese, Municipio 8, Milano, Lombardia, 20151, Italia"
edcaa98be1ed3bb8338a0027fb9d7ae7cb8f5f18,"Parcheggio Centro Sarca, Via Milanese, Torretta, Sesto San Giovanni, Milano, Lombardia, 20099, Italia"
1de97ec39caa4cb7d5f5612c360b47a743c2fafc,"Parcheggio Centro Sarca, Via Milanese, Torretta, Sesto San Giovanni, Milano, Lombardia, 20099, Italia"
6fa34718c1341e2f1b13c4328c558026da8d3ef5,"Parcheggio Centro Sarca, Via Milanese, Torretta, Sesto San Giovanni, Milano, Lombardia, 20099, Italia"
0f6a1eefc075f4ea9d6c0cf5cad7a3a800e742bc,"Piazza Po, Washington, Municipio 7, Milano, Lombardia, 20144, Italia"
beb39bdbefeb5815ad8c342e178e6820d3017d13,"Piazza Po, Washington, Municipio 7, Milano, Lombardia, 20144, Italia"
dd445586ad168b22f033614ca80e2428a23a7965,"Ippodromo del Galoppo, Viale Federico Caprilli, San Siro, Municipio 7, Milano, Lombardia, 20148, Italia"
4faef97c851f04ccc9667bff6208039bab530f97,"Ippodromo del Galoppo, Viale Federico Caprilli, San Siro, Municipio 7, Milano, Lombardia, 20148, Italia"
7f00e970d7a98e4f543786301b85c8d95d9f84c3,"Ippodromo del Galoppo, Viale Federico Caprilli, San Siro, Municipio 7, Milano, Lombardia, 20148, Italia"
f4f52bb47e144d8e6922fe948fe794a82a8bfd37,"Via privata Giovanni Zambelli, Affori, Municipio 9, Milano, Lombardia, 20158, Italia"
66efc6fbc34ba82e89a219fe22eb2ec24d80bc2d,"Via privata Giovanni Zambelli, Affori, Municipio 9, Milano, Lombardia, 20158, Italia"
8ef458fa739a8085d97793c6a0f77eba69d4b78e,"Via privata Giovanni Zambelli, Affori, Municipio 9, Milano, Lombardia, 20158, Italia"
fbb375f9f0a4f004475be02539cd98ad87edefac,"Pirelli, Viale Piero e Alberto Pirelli, Bicocca, Municipio 9, Milano, Lombardia, 20126, Italia"
12e54ae732c1b7d539144bd19dddb7d05d06462d,"Pirelli, Viale Piero e Alberto Pirelli, Bicocca, Municipio 9, Milano, Lombardia, 20126, Italia"
e472e20ffd98b0909ff6dccadebfa75388c75825,"Pirelli, Viale Piero e Alberto Pirelli, Bicocca, Municipio 9, Milano, Lombardia, 20126, Italia"
4aca78ad52ad056f58c2f6ae899f8070ed4483b2,"Via Monte Ortigara, Umbria - Molise, Municipio 4, Milano, Lombardia, 20130, Italia"
63f284fd470ddec220318da33e9187ee0c78755f,"Via Monte Ortigara, Umbria - Molise, Municipio 4, Milano, Lombardia, 20130, Italia"
c51ad99f26cf2b1aaabda9fa2575c332b46679cc,"Via Monte Ortigara, Umbria - Molise, Municipio 4, Milano, Lombardia, 20130, Italia"
9ceb39422b930a974528ef253149468889388695,"Via Eugenio Montale, Gallaratese, Municipio 8, Milano, Lombardia, 20151, Italia"
9238855c9245856a2140d5613c53f4a1e0e616d8,"Via Eugenio Montale, Gallaratese, Municipio 8, Milano, Lombardia, 20151, Italia"
5bbcda02dac9120b1e308d320f9c69d465d46949,"Via Eugenio Montale, Gallaratese, Municipio 8, Milano, Lombardia, 20151, Italia"
eeb6e8e6acb5df7dacc795e25e4d37f49a3286af,"Via Fratelli Camillo e Giannino Antona Traversi, Quarto Oggiaro, Municipio 8, Milano, Lombardia, 20157, Italia"
3015ba0a7337c5835ed94d993312c6ba703b6120,"Via Fratelli Camillo e Giannino Antona Traversi, Quarto Oggiaro, Municipio 8, Milano, Lombardia, 20157, Italia"
5fb963d6b1131008ce9d0921908dac9e48ac1e1b,"Via Fratelli Camillo e Giannino Antona Traversi, Quarto Oggiaro, Municipio 8, Milano, Lombardia, 20157, Italia"
1aa3896e85d13b729e038bb9a327db006469ec6b,"Via Taverna, Quartiere Forlanini, Municipio 4, Monluè, Milano, Lombardia, 20134, Italia"
52acd9ffbbd39e71e98c91d0a30cfde597cf903c,"Via Taverna, Quartiere Forlanini, Municipio 4, Monluè, Milano, Lombardia, 20134, Italia"
8842e8515dda7294aadd5cad1ebc2758c0f350e7,"Via Taverna, Quartiere Forlanini, Municipio 4, Monluè, Milano, Lombardia, 20134, Italia"
2d6024ea6aa2aa7c5882e23a0b7677ac52d54d1c,"Via Sorrento, Baggio, Municipio 7, Milano, Lombardia, 20153, Italia"
8575057fa5cab4e7463673739610ced98e35b44f,"Via Sorrento, Baggio, Municipio 7, Milano, Lombardia, 20153, Italia"
c9a3f489a251263cc9d90c05309642442a1e4c53,"Via Sorrento, Baggio, Municipio 7, Milano, Lombardia, 20153, Italia"
b158776cf95110ad8e44a7b87c210a12ce73470b,"ASL, Via Bartolomeo d'Alviano, Bande Nere, Municipio 6, Milano, Lombardia, 20146, Italia"
fa35f35bb3b34c900aff1f8375c977f6afee1ed4,"ASL, Via Bartolomeo d'Alviano, Bande Nere, Municipio 6, Milano, Lombardia, 20146, Italia"
7903ab7cdb11ecb0bdb66685722db33e17a96d97,"ASL, Via Bartolomeo d'Alviano, Bande Nere, Municipio 6, Milano, Lombardia, 20146, Italia"
d7f7d8ce720fa41a7f4b0233d2c51c081d843a65,"Via Gian Rinaldo Carli, Bruzzano, Municipio 9, Milano, Lombardia, 20161, Italia"
c5e50b053f7d63bf0225e53d41dfa0f69ecc8e04,"Via Gian Rinaldo Carli, Bruzzano, Municipio 9, Milano, Lombardia, 20161, Italia"
b038aca078ee2e6993f42dcb2451053545f68df6,"Via Gian Rinaldo Carli, Bruzzano, Municipio 9, Milano, Lombardia, 20161, Italia"
23dff53d859cea1e6d806c8e4b56d047ed04ec50,"Autostrada dei Giovi - Serravalle, Stadera, Municipio 5, Milano, Lombardia, 20142, Italia"
58ec5c5a389e45c2a860fc86414ae35501050085,"Autostrada dei Giovi - Serravalle, Stadera, Municipio 5, Milano, Lombardia, 20142, Italia"
ad2665f0e27fc55eb49f055397680d4b993a715b,"Autostrada dei Giovi - Serravalle, Stadera, Municipio 5, Milano, Lombardia, 20142, Italia"
d6bb9e474f2564db37837158757f618a2f7e4297,"Via Ugo Betti, Gallaratese, Municipio 8, Milano, Lombardia, 20151, Italia"
508a5db0050ea897b6183bf45f0220fb96c4873a,"Via Ugo Betti, Gallaratese, Municipio 8, Milano, Lombardia, 20151, Italia"
62420cee96ff40c8d2721d923cfe7fba02d7af40,"Via Ugo Betti, Gallaratese, Municipio 8, Milano, Lombardia, 20151, Italia"
95db9c599128e5c88b2bd00fc1c65e52e3248c0e,"Via Paravia - Via Zamagna, Via Pier Alessandro Paravia, San Siro, Municipio 7, Milano, Lombardia, 20148, Italia"
dbbdc51769d854ae2eeddeb05afd933cd4844f39,"Via Paravia - Via Zamagna, Via Pier Alessandro Paravia, San Siro, Municipio 7, Milano, Lombardia, 20148, Italia"
484187a85eee6a7a4c8648625428657343737691,"Via Paravia - Via Zamagna, Via Pier Alessandro Paravia, San Siro, Municipio 7, Milano, Lombardia, 20148, Italia"
a407b4ed1ee1915bd7fe7f5ba569851e8cb38686,"5, Via Privata Cefalù, Gallaratese, Municipio 8, Milano, Lombardia, 20151, Italia"
21055a93a8632a7c7e9750678599be25cf90e697,"5, Via Privata Cefalù, Gallaratese, Municipio 8, Milano, Lombardia, 20151, Italia"
bc8865795ac2c5a94149c0bcfbffad967ed3eb0e,"Via Camaldoli, Parco Monluè - Ponte Lambro, Municipio 4, Ponte Lambro, Milano, Lombardia, 20138, Italia"
81b10f48cde1e57872b866bcc806db89fbf8a47f,"Via Camaldoli, Parco Monluè - Ponte Lambro, Municipio 4, Ponte Lambro, Milano, Lombardia, 20138, Italia"
59d35e5e3eba9f4c4140d4fcfc426971776f6263,"Via Camaldoli, Parco Monluè - Ponte Lambro, Municipio 4, Ponte Lambro, Milano, Lombardia, 20138, Italia"
edebe7f1b35f7f8e33a8d813b063d24fa4e54a02,"Tangenziale Ovest di Milano, Quartiere degli Olmi, Municipio 7, Cesano Boscone, Milano, Lombardia, 20090, Italia"
5727d1410931683c9c5a18cb3387e1e4526f79e0,"Tangenziale Ovest di Milano, Quartiere degli Olmi, Municipio 7, Cesano Boscone, Milano, Lombardia, 20090, Italia"
ba3839f3dce92b931ef4c5438075b2a69da01b06,"Tangenziale Ovest di Milano, Quartiere degli Olmi, Municipio 7, Cesano Boscone, Milano, Lombardia, 20090, Italia"
3e00c4d9c587eccabf9b364d849081df9a21ba73,"Via Forze Armate - Via Fratelli di Dio, Via delle Forze Armate, Forze Armate, Municipio 7, Milano, Lombardia, 20152, Italia"
44452f58fd200a5ba96b364ea99c0d68f8a3a150,"Via Forze Armate - Via Fratelli di Dio, Via delle Forze Armate, Forze Armate, Municipio 7, Milano, Lombardia, 20152, Italia"
0424fc3a83b05aa9108aabdd8cbb087814a34bd1,"Via Forze Armate - Via Fratelli di Dio, Via delle Forze Armate, Forze Armate, Municipio 7, Milano, Lombardia, 20152, Italia"
102f7320c6a77395210de85be564c3c9547dbc04,"Scuola Primaria di Via Valdagno, Via Valdagno, Forze Armate, Municipio 7, Milano, Lombardia, 20152, Italia"
5fcb7b26f07b011921f14fba3a32043452df8674,"Scuola Primaria di Via Valdagno, Via Valdagno, Forze Armate, Municipio 7, Milano, Lombardia, 20152, Italia"
b4aacf218d44d5a88f947563dbf007c52d490945,"Scuola Primaria di Via Valdagno, Via Valdagno, Forze Armate, Municipio 7, Milano, Lombardia, 20152, Italia"
36d136391c52cab9e98f0eda8ae5bf8a9ca09d38,"Via Tertulliano, Lodi - Corvetto, Municipio 4, Milano, Lombardia, 20137, Italia"
55df0aff015948f75c0652c8304adaccd22d13d8,"Via Tertulliano, Lodi - Corvetto, Municipio 4, Milano, Lombardia, 20137, Italia"
258703c35c6f5c51b48951bc2033a2a0b9905aa3,"Via Tertulliano, Lodi - Corvetto, Municipio 4, Milano, Lombardia, 20137, Italia"
a1da246f73c430f2c04c9525d4fd4ddd1349833d,"118, Via Padova, Padova, Municipio 2, Milano, Lombardia, 20127, Italia"
6e163c49390c78763ea741ee31567bd9b5f2a482,"118, Via Padova, Padova, Municipio 2, Milano, Lombardia, 20127, Italia"
5b16061a031d01394ee3aeddd23f31c20ef27244,"118, Via Padova, Padova, Municipio 2, Milano, Lombardia, 20127, Italia"
7d854983a39a7b102ccb07a639adc3b13afb81ee,"Piazza Remo Cantoni, Gratosoglio - Ticinello, Municipio 5, Milano, Lombardia, 20142, Italia"
d582126c030293de64050d750063fdcf4caba2f6,"Piazza Remo Cantoni, Gratosoglio - Ticinello, Municipio 5, Milano, Lombardia, 20142, Italia"
120ae80f5a147cee5cd78b3523bc0791009d4a5a,"Hotel VIU Milan, Via Aristotile Fioravanti, Sarpi, Municipio 8, Milano, Lombardia, 20154, Italia"
019cfa281650073eb1ed07c2202dbc289d0423c5,"Hotel VIU Milan, Via Aristotile Fioravanti, Sarpi, Municipio 8, Milano, Lombardia, 20154, Italia"
c849a9130b45b0acd310fe72fbcc51cbcdb3a493,"Hotel VIU Milan, Via Aristotile Fioravanti, Sarpi, Municipio 8, Milano, Lombardia, 20154, Italia"
d055f65a544c72b0ac3aafc30e2721ff4348b273,"61, Viale Sarca, Segnano, Municipio 9, Milano, Lombardia, 20125, Italia"
645be716d9982d652f97bd6bba9321d70b71cd2d,"61, Viale Sarca, Segnano, Municipio 9, Milano, Lombardia, 20125, Italia"
110a3e4e1b81476983231cbe157ee49ec104a93b,"61, Viale Sarca, Segnano, Municipio 9, Milano, Lombardia, 20125, Italia"
27f32e683356aa0c32019177a38fbea1eb548a3b,"Largo Giambellino, Giambellino, Municipio 6, Milano, Lombardia, 20146, Italia"
bf8c02efb30e936b53b958f340bba443db997672,"Largo Giambellino, Giambellino, Municipio 6, Milano, Lombardia, 20146, Italia"
ebacf7a694a5c5d650e784d0a9af7520c616ee41,"Largo Giambellino, Giambellino, Municipio 6, Milano, Lombardia, 20146, Italia"
df139981943712d99d56d70ec1fb1be672017573,"Affori, Municipio 9, Milano, Lombardia, 20161, Italia"
f48b5f3481324ce1920c41f6ee50465d69ebfede,"Affori, Municipio 9, Milano, Lombardia, 20161, Italia"
dc2eb05ed3f0af62efe1cc887abc0cbb3866a906,"Affori, Municipio 9, Milano, Lombardia, 20161, Italia"
5e96a974a29fc5f5cfc5b44ae4668d2fbaa27a47,"WIND, Via Raffaele Rubattino, Lambrate, Municipio 3, Milano, Lombardia, 20134, Italia"
f97f1e6fcdf1ff3c6f7e9a3b649a6c616fd82056,"WIND, Via Raffaele Rubattino, Lambrate, Municipio 3, Milano, Lombardia, 20134, Italia"
3b4b1d4c0a7945d1d6f68b5f79d73100c378bf27,"Compro oro, Via Matteo Civitali, Selinunte, Municipio 7, Milano, Lombardia, 20148, Italia"
1732cbc1b6a7f06702f7ffa38e4b2307114ed0aa,"Compro oro, Via Matteo Civitali, Selinunte, Municipio 7, Milano, Lombardia, 20148, Italia"
aad341212d2b6c8254c95cdaf4ff516291b68305,"Compro oro, Via Matteo Civitali, Selinunte, Municipio 7, Milano, Lombardia, 20148, Italia"
0e2978297a8929146a25d90a00c56ac0364d704c,"64, Viale Molise, Ortomercato, Municipio 4, Milano, Lombardia, 20137, Italia"
72206a04daf1647503b2d09e150f59d6a0283d8b,"64, Viale Molise, Ortomercato, Municipio 4, Milano, Lombardia, 20137, Italia"
550d8e04dc3815b897c1e7a610d0a7971e15cfe0,"64, Viale Molise, Ortomercato, Municipio 4, Milano, Lombardia, 20137, Italia"
627760ab13c5a798d9a3f7b3b896708f8f0aef6e,"10, Via Giambellino, Giambellino, Municipio 6, Milano, Lombardia, 20146, Italia"
22ff20bb2318d24b326ef513636c84d5d1853dbf,"10, Via Giambellino, Giambellino, Municipio 6, Milano, Lombardia, 20146, Italia"
f63b9bb29035571493dc11cf5dbdc96ba64893fc,"10, Via Giambellino, Giambellino, Municipio 6, Milano, Lombardia, 20146, Italia"
b5fa2a6566ea06bf3fa2c1801e2395792779aa3d,"Biblioteca del Polo di Mediazione Interculturale e Comunicazione, Via Platone, Viale Monza, Municipio 2, Sesto San Giovanni, Milano, Lombardia, 20128, Italia"
cebcf28641e20da227743ade9115ee4d9e4e423f,"Biblioteca del Polo di Mediazione Interculturale e Comunicazione, Via Platone, Viale Monza, Municipio 2, Sesto San Giovanni, Milano, Lombardia, 20128, Italia"
8f11a675c18d8651aa4600bca6bd6ef1a8286c2e,"Biblioteca del Polo di Mediazione Interculturale e Comunicazione, Via Platone, Viale Monza, Municipio 2, Sesto San Giovanni, Milano, Lombardia, 20128, Italia"
b5cfb294ba222e1d1f7bebc8a498791ed35bce57,"Corsica, Municipio 4, Monluè, Milano, Lombardia, 20133, Italia"
51ec610219d730e9742457f6324e27e698c7ad0f,"Corsica, Municipio 4, Monluè, Milano, Lombardia, 20133, Italia"
a0d583e21caa8991f149fb7ba5d3df935b45e42c,"Corsica, Municipio 4, Monluè, Milano, Lombardia, 20133, Italia"
b92b79bda7218886e85fa4cd4881f558a08539a7,"Via Pier Alessandro Paravia, Selinunte, Municipio 7, Milano, Lombardia, 20147, Italia"
4fe0636eec8b34f78ef8bff42f6e4b2aaa19e5bb,"Via Pier Alessandro Paravia, Selinunte, Municipio 7, Milano, Lombardia, 20147, Italia"
faaac4296ace3a91d31e3311baf0abecfce3e876,"Via Pier Alessandro Paravia, Selinunte, Municipio 7, Milano, Lombardia, 20147, Italia"
083322c7b133cdca84fd35e64108c40fbc889917,"Via Vincenzo Toffetti, Lodi - Corvetto, Municipio 4, Vaiano Valle, Milano, Lombardia, 20139, Italia"
ffbb644800b874c89350a70d5acdc8d0fe051755,"Via Vincenzo Toffetti, Lodi - Corvetto, Municipio 4, Vaiano Valle, Milano, Lombardia, 20139, Italia"
4317e0c7d120204dbe35cdc74dd30bad88c44526,"Via Vincenzo Toffetti, Lodi - Corvetto, Municipio 4, Vaiano Valle, Milano, Lombardia, 20139, Italia"
b1e472378fe569f63347f24d55c3988e078f3b62,"Via Rossetti - Largo Camus, Largo Alberto Camus, Pagano, Municipio 8, Milano, Lombardia, 20145, Italia"
f419297b9ed052dfab0ee68c8370b4925227cbf6,"Via Rossetti - Largo Camus, Largo Alberto Camus, Pagano, Municipio 8, Milano, Lombardia, 20145, Italia"
c2301703ef2d9493ce2b8b913e433af1dad266a8,"Via Rossetti - Largo Camus, Largo Alberto Camus, Pagano, Municipio 8, Milano, Lombardia, 20145, Italia"
af03ea31380e874665f2d84d0b2ab5cb6fcbbe49,"Via Ippodromo, Gallaratese, Municipio 8, Milano, Lombardia, 20148, Italia"
c55aec04082c7cb08c2d55b657387ca281e08ef0,"Via Ippodromo, Gallaratese, Municipio 8, Milano, Lombardia, 20148, Italia"
469fde18496e1f937334ebbef718d4988ec0f127,"Via Ippodromo, Gallaratese, Municipio 8, Milano, Lombardia, 20148, Italia"
605f882afb2dddef8af3feaf28db7aa9fdca710a,"Via Giuseppe Pozzobonelli, Niguarda - Cà Granda, Municipio 9, Milano, Lombardia, 20162, Italia"
5e5c0eb76cf7df841bd3d3631a34bdc49f96dd11,"Via Giuseppe Pozzobonelli, Niguarda - Cà Granda, Municipio 9, Milano, Lombardia, 20162, Italia"
ea3dfa181e77c44551a322c0813b0f3e2818dcf6,"Via Giuseppe Pozzobonelli, Niguarda - Cà Granda, Municipio 9, Milano, Lombardia, 20162, Italia"
43f18df24366933dfb96d57cd4d140303a9acb41,"Cafè de Flore, Via Gaetano Strambio, Città Studi, Municipio 3, Milano, Lombardia, 20133, Italia"
2ffc11beb43549ab9f5349a189a2107990f7b3f6,"Cafè de Flore, Via Gaetano Strambio, Città Studi, Municipio 3, Milano, Lombardia, 20133, Italia"
3224ce1bdc9dedf6d430f3ec48d0b4c15a71a4a6,"Cafè de Flore, Via Gaetano Strambio, Città Studi, Municipio 3, Milano, Lombardia, 20133, Italia"
c568a9f203a6ab919bfe4ad72323c8bd653f8bee,"26, Viale Monte Ceneri, Villapizzone, Municipio 8, Milano, Lombardia, 20155, Italia"
1b53c4b3e66b58085e674b2a7660fb74c28491a9,"26, Viale Monte Ceneri, Villapizzone, Municipio 8, Milano, Lombardia, 20155, Italia"
21431cd03d54ee1d2c61ada2149e2576c2e6bb32,"26, Viale Monte Ceneri, Villapizzone, Municipio 8, Milano, Lombardia, 20155, Italia"
abbd14c637c2064433114d5987ba1c6a8310d827,"L'Amico Charly, Via Enrico Annibale Butti, Dergano, Municipio 9, Milano, Lombardia, 20158, Italia"
669bf9d610e778ddfb678b344b7bb99182b1c304,"L'Amico Charly, Via Enrico Annibale Butti, Dergano, Municipio 9, Milano, Lombardia, 20158, Italia"
3546752da47bb27bd2c11a84afefb030da11e794,"L'Amico Charly, Via Enrico Annibale Butti, Dergano, Municipio 9, Milano, Lombardia, 20158, Italia"
65c11b883cc4d93d8673a49961a25879bfb92dc3,"La Fenice, Via Errico Petrella, Buenos Aires - Venezia, Municipio 3, Milano, Lombardia, 20214, Italia"
a20cba337817293983046fcc1a14fc1aa4bed265,"La Fenice, Via Errico Petrella, Buenos Aires - Venezia, Municipio 3, Milano, Lombardia, 20214, Italia"
42e02293b76822dd6a2634d79e3a8624af296fe4,"La Fenice, Via Errico Petrella, Buenos Aires - Venezia, Municipio 3, Milano, Lombardia, 20214, Italia"
37a03df19beaf044b5030fd73712839576139093,"Murales Musica Rap, Via Arcangelo Corelli, Parco Forlanini - Ortica, Municipio 3, Milano, Lombardia, 20134, Italia"
2298b40cc1ee197c8e9785887a84616221f2121b,"Murales Musica Rap, Via Arcangelo Corelli, Parco Forlanini - Ortica, Municipio 3, Milano, Lombardia, 20134, Italia"
abc62137aa2fccfbcceab61afb11e2fbd4442687,"Carabinieri – Stazione Milano Vigentino, Via Noto, Ripamonti, Municipio 5, Vaiano Valle, Milano, Lombardia, 20141, Italia"
216ad683d1fdc3d58d23137764cea6ba009beca5,"Carabinieri – Stazione Milano Vigentino, Via Noto, Ripamonti, Municipio 5, Vaiano Valle, Milano, Lombardia, 20141, Italia"
9730a61837faa74df4a4d301f6abf21132f0d291,"Carabinieri – Stazione Milano Vigentino, Via Noto, Ripamonti, Municipio 5, Vaiano Valle, Milano, Lombardia, 20141, Italia"
7e483cbf9ae85933f8bd3a4b48393214f5e31900,"Scuola militare Teuliè, Corso Italia, Ticinese, Municipio 1, Milano, Lombardia, 20136, Italia"
97457c28182454ca2c6bf097f504654e9f2580dc,"Scuola militare Teuliè, Corso Italia, Ticinese, Municipio 1, Milano, Lombardia, 20136, Italia"
b61fffbc9d73a6a792f784d4def808f6bd7d0251,"Scuola militare Teuliè, Corso Italia, Ticinese, Municipio 1, Milano, Lombardia, 20136, Italia"
93fd1762cb7b5edc88528a8f6c5bbab13ba24075,"Via Giuseppe Impastato, Triulzo Superiore, Municipio 4, Ponte Lambro, Milano, Lombardia, 20138, Italia"
a7859b119f8f0fec5b9f72ebec6634d0740ffbfc,"Via Giuseppe Impastato, Triulzo Superiore, Municipio 4, Ponte Lambro, Milano, Lombardia, 20138, Italia"
f9f6e2f72ee004250de79efa7da45318760985a4,"Via Giuseppe Impastato, Triulzo Superiore, Municipio 4, Ponte Lambro, Milano, Lombardia, 20138, Italia"
e2e1a31d96c88df590f33a7a7e3699ea356a10fe,"Via Serviliano Lattuada, Porta Romana, Municipio 4, Milano, Lombardia, 20135, Italia"
24aebc788d854a8ecae58ba86952efe36ddff04b,"Via Serviliano Lattuada, Porta Romana, Municipio 4, Milano, Lombardia, 20135, Italia"
782e6d97fde3c135c6a131a739382cdad57c833e,"Via Serviliano Lattuada, Porta Romana, Municipio 4, Milano, Lombardia, 20135, Italia"
1128b8ce27ad135be5a3303af2344b416bfd2e5f,"Scuola primaria Fabio Filzi, Via Ravenna, Lodi - Corvetto, Municipio 4, Vaiano Valle, Milano, Lombardia, 20139, Italia"
05f02e29ea70b16e7ad5ce183983c73b911aee45,"Scuola primaria Fabio Filzi, Via Ravenna, Lodi - Corvetto, Municipio 4, Vaiano Valle, Milano, Lombardia, 20139, Italia"
1ff4ab7cb89aa13c36b77f1f65ad26931f5e8315,"Scuola primaria Fabio Filzi, Via Ravenna, Lodi - Corvetto, Municipio 4, Vaiano Valle, Milano, Lombardia, 20139, Italia"
f4936dfaa4567f52ffb68fa30657762f678b4a11,"Insubria - Bruno, Piazza Insubria, Umbria - Molise, Municipio 4, Milano, Lombardia, 20137, Italia"
10c6422a07953c36b524e00caf7aa82132b2dad6,"Insubria - Bruno, Piazza Insubria, Umbria - Molise, Municipio 4, Milano, Lombardia, 20137, Italia"
b2a7a6a61da863bb458fa9a03d6e1f180500dd16,"Insubria - Bruno, Piazza Insubria, Umbria - Molise, Municipio 4, Milano, Lombardia, 20137, Italia"
33d05d687e7b74f65fd35d810a98602616f11a5f,"Upim, Piazza Pietro Frattini, Bande Nere, Municipio 6, Milano, Lombardia, 20146, Italia"
92bd7c2fa3e1de484454ae2ef4187d6a3a59febb,"Upim, Piazza Pietro Frattini, Bande Nere, Municipio 6, Milano, Lombardia, 20146, Italia"
d1e70b9ad66a465532f1584058b5a93b11f9742b,"Upim, Piazza Pietro Frattini, Bande Nere, Municipio 6, Milano, Lombardia, 20146, Italia"
087aa4fdc05a3b32fc33f8af4fc17d1fbda02ecc,"Cascina Gobba M2, Via Padova, Parco Lambro - Cimiano, Municipio 3, Milano, Lombardia, 20132, Italia"
72f8da03826bc78a4569f4f2e35cc23509241835,"Cascina Gobba M2, Via Padova, Parco Lambro - Cimiano, Municipio 3, Milano, Lombardia, 20132, Italia"
c164798b9d793dfbd761950f0c660212df7a6720,"Cascina Gobba M2, Via Padova, Parco Lambro - Cimiano, Municipio 3, Milano, Lombardia, 20132, Italia"
18cfc511ad229e5c391cf1977886d444d38337d4,"Via Alessandro Minuziano, Parco Nord, Municipio 9, Milano, Lombardia, 20161, Italia"
6d2ca708b19be977d6c21eed56dab9da1abb6ef0,"Via Alessandro Minuziano, Parco Nord, Municipio 9, Milano, Lombardia, 20161, Italia"
2ca663a06e3be4fd41f1ef8490944139d1de89c8,"Via Alessandro Minuziano, Parco Nord, Municipio 9, Milano, Lombardia, 20161, Italia"
5b02f61f23ea32e9f72657c75b1eaf48b41d7734,"Via Giovanni Bensi, Lorenteggio, Municipio 6, Milano, Lombardia, 20152, Italia"
749c92e53d14755d5a13ad174689f0df054a933c,"Via Giovanni Bensi, Lorenteggio, Municipio 6, Milano, Lombardia, 20152, Italia"
5db0dc8dc56f15b071951732e97ae3e0af58b281,"GUD Milano CityLife, Via Demetrio Stratos, Tre Torri, Municipio 8, Milano, Lombardia, 20149, Italia"
8513c3456899fa81a44f7f62dce22826b8990596,"GUD Milano CityLife, Via Demetrio Stratos, Tre Torri, Municipio 8, Milano, Lombardia, 20149, Italia"
5dc7d167e5d18afe50c8c6da19785d06d140a35f,"GUD Milano CityLife, Via Demetrio Stratos, Tre Torri, Municipio 8, Milano, Lombardia, 20149, Italia"
c39aef174e12489b547c0723efeab0fc4d3cd801,"Via Giuseppe Zanardelli, Guastalla, Municipio 1, Milano, Lombardia, 20219, Italia"
b4a1551b3f89cf811af6c19e3d58e0f95cd18ef5,"Via Giuseppe Zanardelli, Guastalla, Municipio 1, Milano, Lombardia, 20219, Italia"
c9e8c5cdf945deef99a652bc3c12367b828f8e4c,"Via Giuseppe Zanardelli, Guastalla, Municipio 1, Milano, Lombardia, 20219, Italia"
49faf0aade122d19f4e8493b6aa1bc04d4afe7a5,"Via Geremia Meleri, Mecenate, Municipio 4, Monluè, Milano, Lombardia, 20138, Italia"
046b22f684551e03511a06d4c2489c4ce47e9446,"Via Geremia Meleri, Mecenate, Municipio 4, Monluè, Milano, Lombardia, 20138, Italia"
254f46fddbc2fd5c1e539c4b69f7a906d6f1eca3,"Via Geremia Meleri, Mecenate, Municipio 4, Monluè, Milano, Lombardia, 20138, Italia"
7163edd2d677aa01b1969c9616e6fc9f25fb1b8d,"30, Via del Ricordo, Adriano, Municipio 2, Milano, Lombardia, 20128, Italia"
f231a5d21c683ec712a792d6f5ab5d87eeedd02a,"30, Via del Ricordo, Adriano, Municipio 2, Milano, Lombardia, 20128, Italia"
51190525eff1549baaa1f872701c963773322e9e,"30, Via del Ricordo, Adriano, Municipio 2, Milano, Lombardia, 20128, Italia"
96c88eecc906974b34a030ddf40702ee55a6e17f,"Via Guido Capelli, Viale Monza, Municipio 2, Milano, Lombardia, 20126, Italia"
aa0c7654446eb03a100cbdb9d82033f8293a714e,"Via Guido Capelli, Viale Monza, Municipio 2, Milano, Lombardia, 20126, Italia"
d188914d3503192747aaf5d324e6675e760c4544,"Via Guido Capelli, Viale Monza, Municipio 2, Milano, Lombardia, 20126, Italia"
a27a14e8f78a3d6630185347edb54b1e70959005,"Vega, Via dei Missaglia, Gratosoglio - Ticinello, Municipio 5, Ronchetto delle Rane, Milano, Lombardia, 20142, Italia"
ee438d140a4cf6521719af8dc1807633225c731c,"Vega, Via dei Missaglia, Gratosoglio - Ticinello, Municipio 5, Ronchetto delle Rane, Milano, Lombardia, 20142, Italia"
18e5ad0ebe267cd1fec3b643c59f403f552913ab,"Vega, Via dei Missaglia, Gratosoglio - Ticinello, Municipio 5, Ronchetto delle Rane, Milano, Lombardia, 20142, Italia"
5103f648ae9c608949ad0a89460c62df956498cd,"Autofficina gommista Bianchi, Via Conte Rosso, Lambrate, Municipio 3, Milano, Lombardia, 20134, Italia"
175f747b3cb44210fa4e8f5d3c74a176197479dd,"Autofficina gommista Bianchi, Via Conte Rosso, Lambrate, Municipio 3, Milano, Lombardia, 20134, Italia"
55a4c7096af346f9db7faee76bdc56f4c0ac4022,"Autofficina gommista Bianchi, Via Conte Rosso, Lambrate, Municipio 3, Milano, Lombardia, 20134, Italia"
b8561dddaa983b5c7a78957c6f8829e27f4e9ca5,"Chiesa di San Lorenzo, Via Monluè, Parco Monluè - Ponte Lambro, Municipio 4, Monluè, Milano, Lombardia, 20138, Italia"
0c282313a86880627fb959c20c9d7e1467378549,"Chiesa di San Lorenzo, Via Monluè, Parco Monluè - Ponte Lambro, Municipio 4, Monluè, Milano, Lombardia, 20138, Italia"
4fb049e4e5b58d2d410b39ea86996febf92ff539,"Chiesa di San Lorenzo, Via Monluè, Parco Monluè - Ponte Lambro, Municipio 4, Monluè, Milano, Lombardia, 20138, Italia"
4c43fd32d8e402215cd9bc8d0bb6bf927ef916f5,"Via Noale, Baggio, Municipio 7, Milano, Lombardia, 20153, Italia"
1f022b9914725003148704e902d5913572e8bb1c,"Via Noale, Baggio, Municipio 7, Milano, Lombardia, 20153, Italia"
a98864e86aa1a709582ac19094a4590d3a18e2ef,"Via Noale, Baggio, Municipio 7, Milano, Lombardia, 20153, Italia"
5f11fb66e6056c0f941cf25c9424b3f880c581a0,"I Faraoni, Via Leone Tolstoi, Bande Nere, Municipio 6, Milano, Lombardia, 20146, Italia"
47620ec4a38d458fbffa94131ad0b2d8bab5aa32,"I Faraoni, Via Leone Tolstoi, Bande Nere, Municipio 6, Milano, Lombardia, 20146, Italia"
dccb348b4375dfd2ab29330d847eccb81784e650,"I Faraoni, Via Leone Tolstoi, Bande Nere, Municipio 6, Milano, Lombardia, 20146, Italia"
0c12bb1ac2b8b30dfd5d866ac883e430e0bfa9aa,"Via Giuseppe Ripamonti, Scalo Romana, Municipio 5, Milano, Lombardia, 20141, Italia"
3cc6fd48206cb590538c6829b918ac5a57bf5d54,"Via Giuseppe Ripamonti, Scalo Romana, Municipio 5, Milano, Lombardia, 20141, Italia"
b88f9f069140cdc6118e07f07872ec8f69214b97,"Via Giuseppe Ripamonti, Scalo Romana, Municipio 5, Milano, Lombardia, 20141, Italia"
86858a2e36ecc835476e516af1fab6819449f7f1,"34, Via Innocenzo Isimbardi, Stadera, Municipio 5, Milano, Lombardia, 20136, Italia"
789cc715e64f70af8a198ca6764a7a509e5c637a,"34, Via Innocenzo Isimbardi, Stadera, Municipio 5, Milano, Lombardia, 20136, Italia"
21c7471eb4a3be6986b8425f50ff714abf7b6739,"34, Via Innocenzo Isimbardi, Stadera, Municipio 5, Milano, Lombardia, 20136, Italia"
cc12de729220440369f2c22139952611f5478e13,"Viale Legioni Romane, Bande Nere, Municipio 6, Milano, Lombardia, 20146, Italia"
b8f6f3b4231a7f4cfb8d0105321bf35bb835dc83,"Viale Legioni Romane, Bande Nere, Municipio 6, Milano, Lombardia, 20146, Italia"
bc615e65ff12604d56f5823e78953fa3bad4221e,"Viale Legioni Romane, Bande Nere, Municipio 6, Milano, Lombardia, 20146, Italia"
b3943cc93a6697e3f509885c0dee42d45e6c6d72,"Cascina de' Pomm, Via Tirano, Greco, Municipio 2, Milano, Lombardia, 20125, Italia"
6ce6b2b27044cc9f2c3deb8ac15d54003a440fb6,"Cascina de' Pomm, Via Tirano, Greco, Municipio 2, Milano, Lombardia, 20125, Italia"
fa42a0ea7ae4c7cd17c61de7812d4433ed9381fc,"Cascina de' Pomm, Via Tirano, Greco, Municipio 2, Milano, Lombardia, 20125, Italia"
ee6e3d2fba247323b3f5cef5db26b0d50ccedb9e,"Kubla Khan, Via Fratelli Bronzetti, XXII Marzo, Municipio 4, Milano, Lombardia, 20129, Italia"
aad05258631e18f4480eb11d2cf7076faecf6afb,"Kubla Khan, Via Fratelli Bronzetti, XXII Marzo, Municipio 4, Milano, Lombardia, 20129, Italia"
32a40a1934efa57d8258babbd19c73d09b15b58c,"Kubla Khan, Via Fratelli Bronzetti, XXII Marzo, Municipio 4, Milano, Lombardia, 20129, Italia"
a2cea6cbeabf7fac1f60416d4abbf070da4a966d,"Garibaldina, Via Don Giovanni Minzoni, Dergano, Municipio 9, Milano, Lombardia, 20158, Italia"
f191634b0d19c4cd20e5669094834b60a34a5415,"Garibaldina, Via Don Giovanni Minzoni, Dergano, Municipio 9, Milano, Lombardia, 20158, Italia"
7f461df8c0816d44ce714d3d31d18b10e755cbae,"Garibaldina, Via Don Giovanni Minzoni, Dergano, Municipio 9, Milano, Lombardia, 20158, Italia"
36c9c1d46a30fba9f7412291843d107526322215,"Via Spezia, San Cristoforo, Municipio 6, Milano, Lombardia, 20142, Italia"
3d29503e6b01365eeb8234a01b51f1d39980016a,"Via Spezia, San Cristoforo, Municipio 6, Milano, Lombardia, 20142, Italia"
e45276422a437c5b0b4ac7535ef9231aba6b9927,"Via Spezia, San Cristoforo, Municipio 6, Milano, Lombardia, 20142, Italia"
0c78da3f70db0244b7ed52b6e3dc4c1e1bf80a78,"16, Via Senato, Guastalla, Municipio 1, Milano, Lombardia, 20121, Italia"
6805bcdd345fe8aceaf193d5cd0efec689627cfd,"16, Via Senato, Guastalla, Municipio 1, Milano, Lombardia, 20121, Italia"
127cd95aaab8bc59186b5db827b82b2ffa4fc635,"16, Via Senato, Guastalla, Municipio 1, Milano, Lombardia, 20121, Italia"
08b0cc0063835dda0d741b3b5cdf50fa38407f62,"11, Via Pesaro, Bruzzano, Municipio 9, Milano, Lombardia, 20161, Italia"
a0ee7d4b37e2f1244a6878583b126955a688d4e7,"11, Via Pesaro, Bruzzano, Municipio 9, Milano, Lombardia, 20161, Italia"
24c54e9858fe73c4c0630b184937de16c4991235,"11, Via Pesaro, Bruzzano, Municipio 9, Milano, Lombardia, 20161, Italia"
ae3b11f9eba986beaa2aad5bb647feabea0b3a64,"Sky Italia, 7, Via Monte Penice, Rogoredo, Municipio 4, Milano, Lombardia, 20138, Italia"
831ae544843abd00a5b10f1dd1d66f92f5ea8815,"Sky Italia, 7, Via Monte Penice, Rogoredo, Municipio 4, Milano, Lombardia, 20138, Italia"
a94d5bbd725003a9e9e69ff383ec42d1b24ae3f4,"Sky Italia, 7, Via Monte Penice, Rogoredo, Municipio 4, Milano, Lombardia, 20138, Italia"
2f157030a787ef173df5077462db7780c85f2f72,"Chiesa di San Gottardo in Corte, Via Francesco Pecorari, Duomo, Municipio 1, Milano, Lombardia, 20122, Italia"
fc151d76149c8066a9d19e0279dcf9f5fbfbb2e0,"Chiesa di San Gottardo in Corte, Via Francesco Pecorari, Duomo, Municipio 1, Milano, Lombardia, 20122, Italia"
742428597fe682e6fd58c4b0c1ec27d99188b036,"Chiesa di San Gottardo in Corte, Via Francesco Pecorari, Duomo, Municipio 1, Milano, Lombardia, 20122, Italia"
f324486a0646cf7fb17d6690e201e6c53e5a6e7a,"16, Via Gian Battista Tiepolo, Buenos Aires - Venezia, Municipio 3, Milano, Lombardia, 20133, Italia"
dc9e846ad3bb3730dfbe904bef031a10fb6d41db,"16, Via Gian Battista Tiepolo, Buenos Aires - Venezia, Municipio 3, Milano, Lombardia, 20133, Italia"
2eb68665ced256d75823be3dcccb2f12f3aa692b,"16, Via Gian Battista Tiepolo, Buenos Aires - Venezia, Municipio 3, Milano, Lombardia, 20133, Italia"
309885c0dfcce7cb12d550fdd94154652956cbf8,"91, Viale Zara, Maciachini - Maggiolina, Municipio 9, Milano, Lombardia, 20159, Italia"
3f2387b8bec4027f937fe9bdeab3eb4208d33741,"91, Viale Zara, Maciachini - Maggiolina, Municipio 9, Milano, Lombardia, 20159, Italia"
594983843bd6836e0611fd67889dddd26863c2f6,"91, Viale Zara, Maciachini - Maggiolina, Municipio 9, Milano, Lombardia, 20159, Italia"
a38fbed0769f520276da7396e141d9871e07ba41,"18, Via Santa Sofia, Duomo, Municipio 1, Milano, Lombardia, 20122, Italia"
144f1cbd71fc99364e712e12c8a68606c27d328a,"18, Via Santa Sofia, Duomo, Municipio 1, Milano, Lombardia, 20122, Italia"
45ba769f4eaee7e419e182b5207911d13e728612,"Triennale Design Museum, 6, Viale Emilio Alemagna, Parco Sempione, Municipio 1, Milano, Lombardia, 20121, Italia"
1a6a60d88f3b306fe4579aa50c094c64d240f772,"Triennale Design Museum, 6, Viale Emilio Alemagna, Parco Sempione, Municipio 1, Milano, Lombardia, 20121, Italia"
a5218ddc256ba7cd4849a4a87ce0107501cc0db0,"Triennale Design Museum, 6, Viale Emilio Alemagna, Parco Sempione, Municipio 1, Milano, Lombardia, 20121, Italia"
e3465afcad2e8b1c1f754b093d38f47b410fd373,"Cassina Triulza, Municipio 8, Milano, Arese, Milano, Lombardia, 20044, Italia"
b37996beb49fad82afd1f549051739d35c02bfd4,"Via Val Bavona, Lorenteggio, Municipio 6, Milano, Lombardia, 20147, Italia"
a9c16eb66903b5ddc3657ef9c73a676b567cbcfb,"Via Val Bavona, Lorenteggio, Municipio 6, Milano, Lombardia, 20147, Italia"
d427185a63f9e6a4d65776eb40664e09e85739ca,"Via Carlo Marx, Quarto Cagnino, Municipio 7, Milano, Lombardia, 20153, Italia"
203ee6db932bd6d2c474b080946d68ccb1f44536,"Via Carlo Marx, Quarto Cagnino, Municipio 7, Milano, Lombardia, 20153, Italia"
89dc42a70e1c6a99fdffb3c5ff5a4f985cc2674f,"Via Carlo Marx, Quarto Cagnino, Municipio 7, Milano, Lombardia, 20153, Italia"
3e7c52c6859f3bd49ede4c8d6d94736c1bd3996b,"Basilica di San Carlo al Corso, Piazza San Carlo, Duomo, Municipio 1, Milano, Lombardia, Italia"
67f61193e3ab520df3e97df8e0e5933182fa12ed,"Basilica di San Carlo al Corso, Piazza San Carlo, Duomo, Municipio 1, Milano, Lombardia, Italia"
1438e61203c1c65243aec62132b94bca06cf7871,"Basilica di San Carlo al Corso, Piazza San Carlo, Duomo, Municipio 1, Milano, Lombardia, Italia"
49195121bdf662a78400208943d58ae72482188a,"Via Pinerolo, San Siro, Municipio 7, Milano, Lombardia, 20151, Italia"
d5fee9d9e10165d10ded3709fe7f5315ffa81318,"Via Pinerolo, San Siro, Municipio 7, Milano, Lombardia, 20151, Italia"
6a3d5b07fdbb3fe0abc3031d69b11e63662f1a6e,"Via Pinerolo, San Siro, Municipio 7, Milano, Lombardia, 20151, Italia"
df009318944dee60bc8a185e9f545851fddd5ad0,"10, Via Alfredo Cappellini, Centrale, Municipio 2, Milano, Lombardia, 20124, Italia"
4a427c686e7610dbbe6252fce0927ee56930da05,"10, Via Alfredo Cappellini, Centrale, Municipio 2, Milano, Lombardia, 20124, Italia"
b8534a5ad86311bd83e65182ce0318997e1b4bd5,"10, Via Alfredo Cappellini, Centrale, Municipio 2, Milano, Lombardia, 20124, Italia"
4dfbc413bbf556df1b5b0e65f5bbd79dd6b67759,"25, Via Giuditta Sidoli, Buenos Aires - Venezia, Municipio 3, Milano, Lombardia, 20133, Italia"
20db2968532a3a31a037189091d7cad0d374fb4c,"25, Via Giuditta Sidoli, Buenos Aires - Venezia, Municipio 3, Milano, Lombardia, 20133, Italia"
7914d1245ae41819a64acc7245090a156a452977,"25, Via Giuditta Sidoli, Buenos Aires - Venezia, Municipio 3, Milano, Lombardia, 20133, Italia"
b58623ce05f1f2a530ca2aa5f7425e6ba14623fa,"Polizia Locale – Comando di zona 3, Via Giuseppe Zanoia, Città Studi, Municipio 3, Milano, Lombardia, 20131, Italia"
95c2c32864aef56bed0fe7f4e26ef3a19b00376f,"Polizia Locale – Comando di zona 3, Via Giuseppe Zanoia, Città Studi, Municipio 3, Milano, Lombardia, 20131, Italia"
13e8f38954aa5279b5a9f9a1298e42924f105e7c,"Polizia Locale – Comando di zona 3, Via Giuseppe Zanoia, Città Studi, Municipio 3, Milano, Lombardia, 20131, Italia"
7a3366eced79c5d2e7d5366a8af6aa252399e5fe,"Via Bartolomeo Eustachi, Buenos Aires - Venezia, Municipio 3, Milano, Lombardia, 20129, Italia"
8046d7bbe220531f778ba266f2ce27e834146125,"Via Bartolomeo Eustachi, Buenos Aires - Venezia, Municipio 3, Milano, Lombardia, 20129, Italia"
43491898019d6fb276dd026a4591e208cb6e6f49,"59P01, Via Giambellino, Giambellino, Municipio 6, Milano, Lombardia, 20146, Italia"
dd130da296359e0c6da84b5e73e885ec9cb3b67b,"59P01, Via Giambellino, Giambellino, Municipio 6, Milano, Lombardia, 20146, Italia"
f7f7ecb225d5944bb08cf7dba6d0e0d263a39a35,"59P01, Via Giambellino, Giambellino, Municipio 6, Milano, Lombardia, 20146, Italia"
a736a4d6f8792ac637b3ee12a42db25f6a610af1,"11, Via Aosta, Ghisolfa, Municipio 8, Milano, Lombardia, 20155, Italia"
2fcdc8b0059d0899d87175e674d4f054156a6b19,"11, Via Aosta, Ghisolfa, Municipio 8, Milano, Lombardia, 20155, Italia"
7a0a21331d1975b1ed98066a8fd933e67fcd3dd8,"3, Via Carlo Porta, Brera, Municipio 1, Milano, Lombardia, 20121, Italia"
bf3b968b9df068fca27781842fe7aad4f03fc2ae,"3, Via Carlo Porta, Brera, Municipio 1, Milano, Lombardia, 20121, Italia"
5faf6bd62aa3421802067a3c027dff41fa8ee8f2,"3, Via Carlo Porta, Brera, Municipio 1, Milano, Lombardia, 20121, Italia"
08327c29e75a195464c05a313b09397c66401c48,"1A, Via Ausonio, Magenta - San Vittore, Municipio 1, Milano, Arese, Milano, Lombardia, 20123, Italia"
dfee8b67dd0f806325484e2fd32e1bdcb93bd491,"1A, Via Ausonio, Magenta - San Vittore, Municipio 1, Milano, Arese, Milano, Lombardia, 20123, Italia"
963d7b7a00e2b9c7d20fe313dced0388be5b4dac,"1A, Via Ausonio, Magenta - San Vittore, Municipio 1, Milano, Arese, Milano, Lombardia, 20123, Italia"
8c203d8b0fb924503c6af744f2035aa43867d1fb,"Via Bovisasca, Bovisa, Municipio 9, Milano, Lombardia, 20158, Italia"
82a9f5269531147ac5ce15ff92fd8172d1ff0bcf,"Via Bovisasca, Bovisa, Municipio 9, Milano, Lombardia, 20158, Italia"
3b99faafa552a3deb33f45826e79bec090cc4084,"Via Bovisasca, Bovisa, Municipio 9, Milano, Lombardia, 20158, Italia"
